,precision,recall,f1-score,support,accuracy_overall
High Risk,0.3408,0.5392405063291139,0.4176470588235294,790.0,0.4843197879858657
Low Risk,0.6498829039812647,0.296,0.40674239648222793,1875.0,0.4843197879858657
Medium Risk,0.5,0.6505636070853462,0.5654303708887334,1863.0,0.4843197879858657
accuracy,0.4843197879858657,0.4843197879858657,0.4843197879858657,0.4843197879858657,0.4843197879858657
macro avg,0.4968943013270882,0.49526803780482004,0.4632732753981636,4528.0,0.4843197879858657
weighted avg,0.5342894092236906,0.4843197879858657,0.4739355015107058,4528.0,0.4843197879858657
